[
  {
    "key": 1,
    "name": "Arms Extended to Sides",
    "url": "https://cdn.glitch.com/e6255cb6-da9e-41a6-99f7-6111a5f256bc%2F1-arms%20extended%20to%20sides.png?v=1595976710975"
  },
  {
    "key": 2,
    "name": "Tricep Stretch",
    "url": "https://cdn.glitch.com/e6255cb6-da9e-41a6-99f7-6111a5f256bc%2F2-tricepstretch.png?v=1595976713499"
  },
  {
    "key": 3,
    "name": "Overhead Shoulder Stretch",
    "url": "https://cdn.glitch.com/e6255cb6-da9e-41a6-99f7-6111a5f256bc%2F3-overheadshoulderstretch.png?v=1595976716080"
  },
  {
    "key": 4,
    "name": "Sitting Twists",
    "url": "https://cdn.glitch.com/e6255cb6-da9e-41a6-99f7-6111a5f256bc%2F4-sitting%20twists.png?v=1595976719011"
  },
  {
    "key": 5,
    "name": "Jumping Jacks",
    "url": "https://cdn.glitch.com/e6255cb6-da9e-41a6-99f7-6111a5f256bc%2F5-jumping%20jack.png?v=1595976723487"
  },
  {
    "key": 6,
    "name": "Full Bow",
    "url": "https://cdn.glitch.com/e6255cb6-da9e-41a6-99f7-6111a5f256bc%2F6-full%20bow.png?v=1595976725636"
  },
  {
    "key": 7,
    "name": "Arms Extended to Front",
    "url": "https://cdn.glitch.com/e6255cb6-da9e-41a6-99f7-6111a5f256bc%2F7-arms%20extended%20to%20front.png?v=1595976730093"
  },
  {
    "key": 8,
    "name": "Arms Extended Overhead",
    "url": "https://cdn.glitch.com/e6255cb6-da9e-41a6-99f7-6111a5f256bc%2F8-arms%20extended%20overhead.png?v=1595976737047"
  },
  {
    "key": 9,
    "name": "Side Shoulder Stretch",
    "url": "https://cdn.glitch.com/e6255cb6-da9e-41a6-99f7-6111a5f256bc%2F9-side%20shoulder%20stretch.png?v=1595976739169"
  },
  {
    "key": 10,
    "name": "Cross Shoulder Stretch",
    "url": "https://cdn.glitch.com/e6255cb6-da9e-41a6-99f7-6111a5f256bc%2F10-cross%20stretch%20shoulder.png?v=1595976741254"
  },
  {
    "key": 11,
    "name": "Torso Twists",
    "url": "https://cdn.glitch.com/e6255cb6-da9e-41a6-99f7-6111a5f256bc%2F11-torsotwists.png?v=1595976743533"
  },
  {
    "key": 12,
    "name": "Punches",
    "url": "https://cdn.glitch.com/e6255cb6-da9e-41a6-99f7-6111a5f256bc%2F12-punches.png?v=1595976746856"
  },
  {
    "key": 13,
    "name": "Arm slides",
    "url": "https://cdn.glitch.com/e6255cb6-da9e-41a6-99f7-6111a5f256bc%2F13-arm%20slides.png?v=1595976749130"
  },
  {
    "key": 14,
    "name": "Overhead Punches",
    "url": "https://cdn.glitch.com/e6255cb6-da9e-41a6-99f7-6111a5f256bc%2F14-overhead%20punches.png?v=1595976751638"
  },
  {
    "key": 15,
    "name": "Torso Rotations",
    "url": "https://cdn.glitch.com/e6255cb6-da9e-41a6-99f7-6111a5f256bc%2F15-torso%20rotations.png?v=1595976764557"
  }
]